id,value
piano,0.416666666667
swiming,0.3
english,0.333333333333
juku,0.458333333333
shuji,0.35
taisou,0.5
football,0.35
rithmic,0.5
cooking,0.464285714286