id,value
piano,0.291666666667
swiming,0.45
english,0.388888888889
juku,0.25
shuji,0.15
taisou,0.25
football,0.6
rithmic,0.25
cooking,0.642857142857