id,value
piano,0.291666666667
swiming,0.25
english,0.222222222222
juku,0.25
shuji,0.4
taisou,0.5
football,0.35
rithmic,0.25
cooking,0.285714285714