id,value
piano,0.125
swiming,0.55
english,0.194444444444
juku,0.0833333333333
shuji,0.15
taisou,0.25
football,0.5
rithmic,0.25
cooking,0.464285714286