id,value
piano,0.458333333333
swiming,0.35
english,0.333333333333
juku,0.291666666667
shuji,0.25
taisou,0.25
football,0.25
rithmic,1.0
cooking,0.357142857143