id,value
piano,0.375
swiming,0.45
english,0.416666666667
juku,0.458333333333
shuji,0.4
taisou,0.375
football,0.4
rithmic,0.0
cooking,0.571428571429